{"cameraMode":{"drawMode":0,"name":"Shaded","section":"Shading Mode"},"sceneLighting":true,"audioPlay":false,"sceneViewState":{"m_AlwaysRefresh":true,"showFog":true,"showSkybox":true,"showFlares":true,"showImageEffects":true,"showParticleSystems":true,"showVisualEffectGraphs":true,"m_FxEnabled":true},"in2DMode":false,"pivot":{"x":637.4342651367188,"y":204.67257690429688,"z":87.07218170166016},"rotation":{"x":-0.014152816496789456,"y":0.011878306046128273,"z":0.002455217996612191,"w":-0.999843418598175},"size":295.8739929199219,"orthographic":false}