{"cameraMode":{"drawMode":0,"name":"Shaded","section":"Shading Mode"},"sceneLighting":true,"audioPlay":false,"sceneViewState":{"m_AlwaysRefresh":true,"showFog":true,"showSkybox":false,"showFlares":true,"showImageEffects":true,"showParticleSystems":true,"showVisualEffectGraphs":true,"m_FxEnabled":true},"in2DMode":false,"pivot":{"x":841.585205078125,"y":525.571044921875,"z":-0.3839847445487976},"rotation":{"x":-0.009610632434487343,"y":-0.004631998483091593,"z":0.0026593105867505075,"w":-0.9999573230743408},"size":452.2124328613281,"orthographic":false}