{"cameraMode":{"drawMode":0,"name":"Shaded","section":"Shading Mode"},"sceneLighting":true,"audioPlay":false,"sceneViewState":{"m_AlwaysRefresh":true,"showFog":true,"showSkybox":false,"showFlares":true,"showImageEffects":true,"showParticleSystems":true,"showVisualEffectGraphs":true,"m_FxEnabled":true},"in2DMode":false,"pivot":{"x":-0.013027191162109375,"y":-0.07596158981323242,"z":0.8674951791763306},"rotation":{"x":-0.023424001410603524,"y":0.9749788641929627,"z":-0.18080155551433564,"w":-0.12829336524009705},"size":4.579713821411133,"orthographic":false}