{"cameraMode":{"drawMode":0,"name":"Shaded","section":"Shading Mode"},"sceneLighting":false,"audioPlay":false,"sceneViewState":{"m_AlwaysRefresh":true,"showFog":true,"showSkybox":false,"showFlares":true,"showImageEffects":true,"showParticleSystems":true,"showVisualEffectGraphs":true,"m_FxEnabled":true},"in2DMode":false,"pivot":{"x":161.9604949951172,"y":43.71086502075195,"z":435.6992492675781},"rotation":{"x":0.004783439449965954,"y":-0.6029025912284851,"z":0.0016610968159511686,"w":0.7983388900756836},"size":2.41127610206604,"orthographic":false}