{"cameraMode":{"drawMode":0,"name":"Shaded","section":"Shading Mode"},"sceneLighting":false,"audioPlay":false,"sceneViewState":{"m_AlwaysRefresh":true,"showFog":true,"showSkybox":false,"showFlares":true,"showImageEffects":true,"showParticleSystems":true,"showVisualEffectGraphs":true,"m_FxEnabled":true},"in2DMode":false,"pivot":{"x":926.5961303710938,"y":69.14458465576172,"z":4112.35986328125},"rotation":{"x":0.007427060045301914,"y":-0.2673746347427368,"z":0.00025481588090769947,"w":0.9636794924736023},"size":14.261775970458985,"orthographic":false}